,parental level of education,avg_score
0,associate's degree,69.56906906906907
1,bachelor's degree,71.92372881355932
2,high school,63.0969387755102
3,master's degree,73.59887005649718
4,some college,68.476401179941
5,some high school,65.10800744878958
