,lunch,avg_score
0,free/reduced,62.19906103286385
1,standard,70.83720930232558
