,test preparation course,avg_score
0,completed,72.66945996275605
1,none,65.03894080996885
