parental level of education,avg_score
ASSOCIATE'S DEGREE,69.56906906906907
BACHELOR'S DEGREE,71.92372881355932
HIGH SCHOOL,63.0969387755102
MASTER'S DEGREE,73.59887005649718
SOME COLLEGE,68.476401179941
SOME HIGH SCHOOL,65.10800744878958
