lunch,avg_score
FREE/REDUCED,62.19906103286385
STANDARD,70.83720930232558
