test preparation course,avg_score
COMPLETED,72.66945996275605
NONE,65.03894080996885
